mot_test|mot_secret,buckminsterfullerene,compartmentalisation,counterrevolutionary,electrocardiographic,electroencephalogram,institutionalisation,internationalisation,magnetohydrodynamics,uncharacteristically,
buckminsterfullerene,0,1,2,2,2,1,2,1,1,1.3333333333333333
compartmentalisation,1,0,1,1,1,1,1,1,1,0.8888888888888888
counterrevolutionary,2,2,0,2,1,1,1,1,2,1.3333333333333333
electrocardiographic,1,2,1,0,1,1,1,2,1,1.1111111111111112
electroencephalogram,4,4,1,1,0,1,1,4,4,2.2222222222222223
institutionalisation,2,1,1,1,2,0,1,1,1,1.1111111111111112
internationalisation,1,1,1,1,1,1,0,1,1,0.8888888888888888
magnetohydrodynamics,1,1,2,1,1,1,1,0,2,1.1111111111111112
uncharacteristically,1,1,1,1,1,1,1,1,0,0.8888888888888888
