mot_test|mot_secret,anachronistically,anthropogenically,bureaucratisation,characterisations,chemiluminescence,commercialisation,communicativeness,compartmentalised,comprehensibility,comprehensiveness,conceptualisation,conscientiousness,constitutionalism,constitutionality,contemporaneously,contextualisation,contradistinction,contraindications,conversationalist,costeffectiveness,counterproductive,counterrevolution,cryptographically,crystallographers,deconstructionist,decriminalisation,denationalisation,depersonalisation,deterministically,differentiability,disadvantageously,disinterestedness,disproportionally,disqualifications,electrocardiogram,electrochemically,electromechanical,environmentalists,extraterrestrials,greatgrandmothers,historiographical,idiosyncratically,immunocompromised,immunosuppression,immunosuppressive,inappropriateness,incompatibilities,inconsequentially,inconsiderateness,inconspicuousness,indestructibility,indistinguishable,indistinguishably,industrialisation,institutionalised,interdepartmental,interdisciplinary,intergovernmental,internationalised,internationalists,interrelationship,lexicographically,maladministration,materialistically,microdensitometer,misidentification,misinterpretation,mispronunciations,misrepresentation,misunderstandings,neurotransmitters,objectionableness,opportunistically,pedestrianisation,photoelectrically,photosynthesising,probabilistically,psycholinguistics,radioastronomical,recrystallisation,schizophrenically,selfconsciousness,selfrighteousness,spectrophotometer,spectrophotometry,spectroscopically,straightforwardly,stratospherically,superconductivity,telecommunication,thermodynamically,uncomfortableness,uncompetitiveness,uncomprehendingly,uncontroversially,understandability,unselfconsciously,unsympathetically,videoconferencing,
anachronistically,0,1,3,1,5,5,6,5,8,2,5,3,6,4,5,3,4,5,5,3,2,5,4,3,5,5,8,8,1,1,2,1,1,6,2,2,1,5,2,5,4,1,3,3,1,1,5,2,1,2,5,2,2,4,5,6,8,6,8,8,8,4,1,2,6,3,3,6,3,5,6,3,1,6,1,3,2,1,1,1,1,5,5,1,1,2,5,4,2,6,4,5,6,1,2,8,2,1,6,3.6161616161616164
anthropogenically,2,0,5,4,1,5,7,5,1,8,4,7,5,7,2,5,4,7,4,2,8,4,4,1,8,5,4,1,2,5,4,2,1,7,1,2,4,1,1,5,1,2,4,5,1,7,8,2,8,4,4,1,1,8,4,2,1,3,3,3,1,4,5,2,7,7,5,4,4,7,5,7,1,4,1,5,2,4,7,4,1,5,4,7,8,1,4,2,4,7,4,7,5,2,4,2,1,1,8,3.9393939393939394
bureaucratisation,5,8,0,1,2,2,1,7,4,2,2,8,4,4,8,2,2,5,2,7,2,3,7,8,2,3,3,1,5,6,10,2,6,10,6,3,8,10,6,10,10,10,6,1,6,5,1,10,10,8,2,6,7,3,10,6,5,6,7,7,2,7,3,7,5,2,1,5,3,6,7,6,5,2,2,7,5,7,1,1,8,3,4,4,4,4,6,7,1,1,8,5,4,3,7,2,7,10,1,4.909090909090909
characterisations,1,12,1,0,4,2,6,1,6,2,3,3,3,2,4,6,7,1,1,3,6,8,6,3,2,7,6,6,12,2,12,8,8,1,12,8,6,3,2,6,7,7,2,4,4,1,6,8,7,8,8,8,4,6,6,8,6,8,6,1,2,12,6,6,6,12,6,2,3,1,3,8,12,2,6,6,8,6,3,1,7,4,8,8,8,12,12,1,7,12,6,8,6,1,12,6,4,12,4,5.616161616161616
chemiluminescence,6,10,10,1,0,1,2,1,3,2,2,3,7,12,7,6,6,10,12,7,3,12,2,1,13,6,10,12,6,4,4,13,1,3,10,2,1,6,4,2,4,10,13,13,7,3,12,3,13,13,8,6,12,10,2,8,8,8,12,10,13,10,12,6,3,12,12,8,13,12,8,13,3,6,6,3,2,7,3,10,7,3,13,6,1,6,1,2,8,2,2,13,2,3,12,8,13,7,13,6.888888888888889
commercialisation,5,7,2,5,2,0,1,1,1,2,1,2,1,1,2,1,2,1,2,2,1,1,3,7,4,1,2,2,6,1,5,1,6,4,1,6,5,7,3,5,5,2,1,1,3,6,1,7,7,7,2,3,2,1,7,7,7,5,6,6,2,6,1,6,6,1,1,5,1,5,7,7,7,2,7,2,7,2,2,2,7,5,3,3,3,4,3,7,6,2,6,7,7,3,4,6,7,7,7,3.7777777777777777
communicativeness,5,3,2,5,4,2,0,2,3,2,1,1,2,9,5,3,3,3,2,2,9,9,1,1,4,2,4,5,6,3,5,2,1,9,4,3,5,1,4,2,4,3,6,2,1,1,9,2,2,3,2,9,4,9,5,1,4,9,6,9,2,4,6,3,5,2,5,4,2,5,4,1,8,5,1,8,4,6,8,6,8,3,2,3,3,8,1,3,5,1,8,1,1,3,5,8,5,8,5,4.040404040404041
compartmentalised,9,11,7,2,2,1,2,0,1,1,3,1,4,2,3,2,9,2,3,3,2,4,3,9,9,3,11,3,4,6,6,3,6,9,6,6,1,1,9,4,9,7,2,2,6,2,6,6,7,2,6,5,2,11,1,4,11,7,1,2,6,2,4,7,1,11,4,4,4,2,11,6,7,4,11,5,9,5,6,6,6,5,2,4,9,6,6,4,11,1,3,11,11,11,6,7,1,6,5,5.070707070707071
comprehensibility,8,8,9,9,9,1,5,1,0,1,5,5,5,1,3,3,1,2,5,1,3,3,2,9,4,3,5,4,2,1,3,3,5,3,3,7,4,8,1,4,4,7,9,5,9,9,2,8,3,3,1,9,9,5,3,4,3,4,7,9,1,9,9,4,4,1,2,1,8,3,5,9,4,8,4,9,3,3,3,8,2,3,9,3,7,9,1,7,1,9,8,4,7,3,9,1,1,7,3,4.686868686868687
comprehensiveness,5,5,5,4,2,1,1,4,1,0,4,3,4,4,3,1,2,2,2,1,4,4,4,4,3,5,5,3,6,1,6,2,1,5,6,5,6,2,5,4,6,1,5,2,2,3,6,3,1,4,5,5,5,5,6,4,6,2,5,6,3,6,5,4,6,6,6,2,2,5,4,3,1,1,6,6,5,3,6,5,5,4,2,6,5,3,1,5,5,5,5,2,1,2,5,4,3,3,6,3.7777777777777777
conceptualisation,4,6,3,5,3,1,3,2,2,1,0,2,2,2,3,1,3,1,2,1,1,2,2,3,1,3,1,1,7,2,7,4,5,14,3,4,5,14,4,4,14,14,7,2,2,14,3,6,7,6,1,3,2,3,6,5,14,3,6,6,5,5,2,7,7,2,2,5,1,3,5,14,1,3,14,1,7,1,14,3,14,14,4,4,4,1,4,14,4,2,3,14,5,3,4,5,14,4,3,4.848484848484849
conscientiousness,7,9,6,6,4,2,1,3,2,1,1,0,2,1,6,2,2,2,1,2,6,6,1,2,1,7,6,4,4,2,3,3,7,2,9,7,9,4,3,3,7,9,6,4,4,1,4,3,1,1,9,7,4,6,5,3,3,4,5,4,7,2,1,2,6,6,7,3,5,3,2,3,7,5,9,3,2,3,9,6,9,1,2,7,7,6,1,7,4,3,2,3,1,7,5,9,1,7,4,4.202020202020202
constitutionalism,5,6,4,4,5,2,1,4,1,2,1,1,0,1,3,1,1,2,1,2,3,1,1,1,1,5,1,3,8,3,5,4,6,3,2,4,4,3,5,4,5,5,6,4,2,1,3,8,5,4,3,8,8,2,1,6,5,6,8,1,8,1,5,5,5,5,5,1,3,5,3,2,3,3,5,4,6,2,8,3,5,4,3,4,4,5,4,5,5,2,5,5,3,5,8,4,5,5,4,3.757575757575758
constitutionality,7,7,6,2,5,2,6,2,1,2,1,1,1,0,2,1,1,1,1,2,1,1,3,3,3,5,2,6,7,1,5,2,7,7,5,2,5,7,2,1,6,7,3,3,2,5,7,4,1,4,2,6,7,3,1,3,5,3,2,4,2,5,5,6,4,5,5,4,5,5,6,6,1,6,4,6,7,7,6,1,4,5,3,5,3,5,3,5,1,3,5,7,6,5,4,1,7,7,5,3.878787878787879
contemporaneously,5,1,7,4,7,4,7,4,4,5,1,3,4,2,0,2,3,3,2,1,3,2,1,8,8,3,7,3,4,4,1,1,2,1,8,5,8,3,2,7,4,3,7,8,7,8,8,4,8,7,7,2,4,7,1,8,3,8,5,4,5,4,7,4,8,7,5,3,7,7,5,7,2,8,4,7,4,7,7,8,1,8,7,5,1,7,2,5,8,3,3,1,5,4,1,8,1,7,2,4.626262626262626
contextualisation,8,8,1,3,3,1,1,4,3,1,1,4,2,2,3,0,5,1,1,1,3,2,2,3,1,5,1,5,13,1,13,6,4,8,4,1,8,8,13,6,3,13,8,3,2,13,4,3,13,13,4,1,3,5,1,3,13,8,3,1,3,4,3,13,13,2,3,3,1,8,2,8,3,1,4,1,8,3,8,5,8,13,6,6,6,8,3,13,3,1,8,8,2,6,1,1,13,8,3,4.94949494949495
contradistinction,7,4,1,7,2,2,1,3,1,1,2,3,2,2,1,1,0,1,3,1,3,1,2,1,1,3,1,1,3,8,2,6,3,3,6,3,8,7,2,8,3,2,6,1,2,6,3,2,1,3,3,8,8,2,2,8,7,8,2,2,3,3,2,4,7,3,2,1,3,3,3,6,3,2,2,4,8,2,7,3,8,8,2,8,8,8,8,1,3,1,1,6,4,8,2,3,8,3,7,3.676767676767677
contraindications,1,6,4,1,1,3,1,3,2,2,1,1,3,3,1,3,1,0,2,1,3,8,3,2,4,3,1,3,4,8,3,8,6,1,5,3,8,3,1,8,4,4,8,4,1,3,6,5,3,6,5,8,8,4,4,8,4,8,1,2,2,4,3,6,3,1,4,1,5,3,8,8,3,4,8,2,6,8,3,4,5,1,1,3,3,5,5,5,3,4,5,8,8,4,5,2,3,4,3,3.878787878787879
conversationalist,7,4,4,4,5,1,5,5,2,3,2,1,1,1,1,2,1,1,0,2,3,1,5,6,2,4,2,1,5,1,9,6,10,9,6,5,6,2,10,3,9,5,3,3,1,5,9,5,7,3,3,10,3,4,4,10,9,5,2,2,7,3,4,5,9,3,3,4,5,6,9,7,4,4,10,3,10,3,7,1,10,3,1,5,5,9,3,7,9,4,10,4,7,1,2,5,10,10,6,4.7272727272727275
costeffectiveness,7,8,5,2,6,4,1,5,4,1,1,1,1,3,1,3,3,4,1,0,3,5,2,1,3,4,4,7,7,7,7,3,1,5,7,7,2,1,7,3,1,7,8,7,2,3,5,7,3,1,3,1,2,4,5,3,2,5,7,7,5,2,8,8,3,5,7,3,2,3,5,1,7,6,4,6,2,6,8,6,7,3,1,7,7,7,8,7,3,6,8,1,1,2,7,8,3,4,3,4.242424242424242
counterproductive,5,7,5,6,1,3,6,5,3,3,1,9,2,2,9,3,1,6,9,6,0,1,4,2,1,6,4,6,7,7,5,5,7,2,5,6,7,6,5,5,5,6,3,7,9,5,6,5,6,4,5,3,1,4,7,4,6,3,7,5,3,5,2,3,1,4,6,6,9,2,9,5,4,9,5,7,3,6,5,5,6,7,7,9,9,3,5,3,1,5,7,6,1,4,2,7,6,7,2,4.848484848484849
counterrevolution,5,7,1,8,6,2,1,2,2,2,2,2,4,4,1,2,2,4,2,4,1,0,1,2,2,2,3,2,7,6,5,2,7,6,8,6,4,2,6,2,5,6,7,2,8,7,1,7,8,8,4,6,2,3,7,7,8,1,7,7,3,1,1,6,3,1,4,7,4,1,1,8,7,3,8,6,2,2,7,2,6,8,8,8,8,6,6,8,2,2,5,2,3,8,1,8,7,5,8,4.383838383838384
cryptographically,3,1,3,1,4,5,6,5,1,6,5,4,6,4,2,4,4,7,7,4,2,4,0,1,6,7,6,7,1,5,3,1,3,7,1,3,2,5,4,3,1,3,4,4,4,3,7,1,4,4,5,6,4,6,4,7,3,1,7,7,3,1,7,1,4,4,6,4,7,4,5,4,3,6,3,7,3,1,1,1,3,4,6,7,5,2,2,1,7,6,2,5,4,5,1,6,4,3,4,3.9393939393939394
crystallographers,4,2,8,1,2,4,3,4,8,1,4,1,3,3,8,3,3,1,8,1,3,3,1,0,4,8,3,5,8,3,5,1,5,1,2,8,4,4,8,1,2,5,3,3,3,4,3,8,4,3,4,9,9,9,3,9,8,9,3,3,8,2,4,8,4,3,9,4,8,3,1,4,5,8,2,8,2,1,4,2,4,3,3,4,4,2,2,1,9,3,4,3,3,8,2,9,9,4,2,4.262626262626263
deconstructionist,7,8,6,5,2,6,5,7,8,5,3,3,2,5,4,3,1,2,2,7,5,6,1,2,0,1,6,2,1,3,5,1,8,4,5,1,4,6,4,2,2,1,6,6,5,7,3,1,2,2,5,3,2,5,2,5,4,4,1,1,3,1,7,3,5,6,6,5,6,6,5,7,6,5,8,6,1,7,3,2,8,6,3,8,8,4,2,8,1,1,4,2,2,3,6,6,6,3,6,4.141414141414141
decriminalisation,4,4,1,8,5,2,3,4,5,3,2,3,5,2,8,2,2,2,2,1,1,1,6,3,2,0,2,2,1,3,4,3,4,2,8,3,4,2,6,6,8,4,6,1,6,4,1,8,5,6,5,1,2,2,2,8,1,6,1,4,5,5,1,2,3,1,2,4,1,4,1,3,3,1,2,1,8,5,4,1,6,6,6,2,2,3,5,6,4,1,4,8,4,3,2,4,2,6,5,3.515151515151515
denationalisation,1,4,1,6,3,1,6,6,6,2,2,4,2,2,4,2,1,1,1,3,2,1,4,3,5,1,0,1,5,4,5,4,2,3,3,4,3,2,6,6,4,6,6,2,2,6,5,6,6,4,2,5,4,2,1,6,6,6,1,1,1,2,1,3,6,1,1,3,1,4,6,4,6,2,6,4,4,3,2,1,6,1,2,4,4,3,6,6,3,1,4,4,4,6,6,1,6,4,3,3.414141414141414
depersonalisation,6,3,1,5,6,2,6,1,4,4,2,8,6,4,3,2,1,3,2,6,4,2,6,9,2,1,1,0,1,4,6,8,2,8,6,6,4,2,9,9,5,5,9,4,4,1,4,8,2,4,1,4,4,2,3,2,3,4,2,1,1,3,1,3,8,2,1,3,1,5,6,3,4,1,9,1,9,3,3,1,9,4,4,6,6,8,2,5,2,1,9,3,8,9,8,2,2,1,2,4.0
deterministically,2,1,6,6,5,2,6,2,2,3,6,3,6,3,3,6,2,3,6,2,3,4,1,4,2,2,3,1,0,2,1,3,5,6,6,5,6,3,5,6,3,1,4,1,2,4,2,1,3,1,1,2,1,6,3,4,2,3,1,4,2,1,2,1,3,2,2,6,6,6,3,5,1,3,5,3,2,3,6,2,5,1,3,3,5,1,5,5,4,2,2,6,6,1,4,2,1,1,3,3.191919191919192
differentiability,4,11,9,11,3,5,1,7,1,1,8,1,1,2,8,8,9,2,2,11,11,11,3,3,8,1,4,4,1,0,1,5,5,4,11,8,11,7,11,4,1,7,3,2,3,4,4,5,9,1,1,3,4,3,1,7,1,1,1,7,4,4,1,7,1,4,4,4,5,4,4,4,2,3,9,1,9,4,4,7,11,2,8,2,2,1,9,11,1,9,9,9,4,8,8,1,3,11,4,4.888888888888889
disadvantageously,6,6,9,9,1,6,9,3,6,3,9,8,6,6,1,9,3,6,1,6,7,7,8,9,6,6,3,5,1,1,0,1,1,3,6,4,7,3,6,6,8,6,2,2,6,6,6,6,6,3,6,5,3,2,5,7,6,6,6,6,7,8,6,2,4,1,4,8,8,5,6,6,2,9,4,6,8,9,9,2,8,7,3,1,1,6,6,6,6,7,6,6,6,6,5,1,1,1,1,5.090909090909091
disinterestedness,4,7,3,6,4,3,3,7,3,4,4,4,3,3,9,4,4,6,4,4,4,4,1,3,1,6,6,1,2,2,1,0,2,1,7,7,9,2,3,4,3,9,9,7,7,2,9,4,1,2,6,7,4,4,1,2,6,7,2,4,4,1,7,4,1,2,1,1,1,1,2,2,2,1,7,1,3,9,9,4,2,3,2,9,2,7,7,3,4,4,7,1,4,9,4,2,4,1,7,4.0
disproportionally,2,1,2,11,1,8,4,8,2,1,8,1,5,8,3,11,2,8,3,1,11,5,2,3,11,9,9,1,2,3,4,1,0,3,5,2,5,2,4,5,1,2,2,11,5,1,11,2,5,2,3,3,1,8,11,11,1,5,8,11,3,4,3,4,9,3,9,1,9,3,2,5,1,8,2,5,2,11,1,1,1,1,2,11,9,1,9,3,9,2,2,2,4,2,2,9,2,4,4,4.505050505050505
disqualifications,5,5,5,1,9,8,3,3,7,2,6,4,1,8,5,6,3,1,8,7,9,9,9,1,4,1,8,8,4,2,3,1,2,0,5,2,7,2,2,2,2,3,1,9,9,4,8,6,4,7,6,3,3,1,1,9,8,2,2,3,7,9,6,7,7,1,7,1,7,1,7,6,5,8,2,1,5,3,2,6,5,4,6,2,2,5,6,7,6,7,7,4,6,9,7,5,4,6,1,4.707070707070707
electrocardiogram,1,4,8,6,2,2,4,2,7,6,4,12,1,2,8,8,7,6,8,6,3,8,4,4,4,4,1,3,8,7,8,6,7,12,0,1,1,8,8,2,4,4,12,6,6,4,12,12,8,6,6,6,6,7,6,4,7,4,6,12,4,4,7,8,3,12,8,12,7,12,8,7,7,8,4,6,7,2,2,6,7,12,12,2,2,1,3,4,7,3,3,8,6,6,6,12,2,7,8,5.91919191919192
electrochemically,3,3,10,7,2,4,6,4,1,7,6,10,5,3,2,10,5,10,6,6,7,6,3,4,5,7,2,6,2,7,3,8,1,8,3,0,1,6,3,3,6,1,8,2,8,3,6,2,7,2,5,2,1,8,8,7,6,4,6,10,6,1,10,2,7,10,6,10,6,8,7,7,2,10,1,8,1,7,6,2,3,10,6,2,1,1,7,3,7,2,1,6,6,1,2,5,3,1,7,4.929292929292929
electromechanical,1,2,11,4,4,1,11,1,7,11,5,10,6,4,11,11,10,6,5,11,1,6,4,4,6,7,2,5,7,6,10,4,6,2,1,1,0,1,6,4,2,7,4,4,3,6,11,11,5,4,3,3,4,10,1,4,10,1,4,6,4,3,11,11,11,10,11,1,11,4,11,11,11,11,2,4,11,6,1,7,7,10,11,2,1,1,10,3,6,3,1,5,11,11,11,10,10,7,6,6.02020202020202
environmentalists,8,3,3,3,8,3,5,1,4,4,3,9,4,8,9,3,9,2,2,8,3,9,1,3,9,4,4,5,4,8,8,2,8,3,3,3,1,0,1,8,4,8,1,8,9,4,4,3,1,8,8,8,8,3,1,3,8,1,1,1,2,1,3,8,9,4,5,1,2,4,5,9,8,5,3,3,4,3,8,4,8,3,8,4,4,3,1,8,8,1,3,4,2,8,9,3,3,8,3,4.646464646464646
extraterrestrials,5,1,9,1,4,6,5,3,4,5,6,3,6,4,11,3,4,11,3,10,5,10,11,6,10,10,6,3,9,10,10,1,11,11,6,2,9,2,0,6,10,11,2,1,4,2,5,2,9,2,10,11,3,1,9,1,5,6,3,2,3,11,6,9,9,4,1,3,2,2,1,9,11,6,10,4,11,3,5,1,1,2,9,2,6,10,6,1,2,4,11,5,5,1,2,2,3,5,3,5.373737373737374
greatgrandmothers,14,6,4,1,3,6,5,1,7,2,14,3,3,3,6,14,14,6,7,2,6,5,5,1,14,4,6,4,4,14,7,5,4,2,2,2,3,5,5,0,6,14,3,1,7,3,4,7,6,1,3,14,7,7,14,3,4,5,3,7,5,7,5,14,5,6,3,2,5,7,1,2,7,5,14,14,3,3,5,5,7,1,6,2,1,3,2,3,14,14,2,6,5,7,4,1,1,6,7,5.5353535353535355
historiographical,5,1,8,5,3,3,2,4,10,5,10,5,8,8,3,7,7,4,5,2,10,10,3,3,10,5,8,10,4,1,4,2,4,2,4,4,1,4,4,2,0,10,4,5,3,4,8,10,4,5,10,2,2,8,4,4,5,4,7,7,3,10,7,8,3,4,2,4,3,1,2,4,10,8,4,4,3,10,1,10,10,3,10,4,4,7,10,3,10,10,2,10,5,10,7,4,1,4,1,5.2727272727272725
idiosyncratically,1,5,4,9,6,4,2,9,9,1,6,5,4,9,2,4,4,4,6,4,3,4,1,4,2,4,6,6,3,5,2,6,1,1,4,1,6,2,2,5,6,0,2,2,2,2,4,5,4,2,1,2,1,2,5,3,2,6,4,9,5,5,4,2,2,5,2,5,5,5,6,2,1,9,1,4,3,9,4,4,2,6,4,1,1,5,4,5,9,2,3,3,6,1,1,9,1,1,5,3.8585858585858586
immunocompromised,4,5,9,6,13,3,3,1,3,9,7,13,13,9,3,13,13,9,13,3,7,13,1,3,1,7,9,7,13,3,8,8,1,6,9,3,8,2,1,8,5,6,0,1,1,6,3,5,3,1,9,8,3,5,2,8,9,3,2,1,5,2,13,4,1,13,9,3,13,3,9,8,7,13,8,9,4,6,1,9,9,6,4,3,3,9,1,2,1,3,9,13,7,7,3,9,2,9,9,6.0606060606060606
immunosuppression,6,7,5,5,3,3,4,6,4,4,3,4,4,3,3,1,5,5,4,6,6,5,1,3,3,5,5,2,6,1,5,4,6,6,5,2,5,3,2,5,6,3,1,0,1,4,3,3,4,1,2,7,5,1,6,5,7,5,7,6,4,1,5,5,4,5,1,1,2,3,4,5,4,1,3,3,5,5,7,5,7,4,6,5,5,3,1,2,3,3,5,4,2,3,4,7,2,6,5,3.95959595959596
immunosuppressive,8,8,4,5,4,8,2,5,4,2,5,5,5,2,4,2,8,8,8,5,2,4,1,8,8,10,8,5,5,8,10,8,10,5,8,8,5,4,8,5,8,8,1,1,0,4,5,5,4,1,2,2,8,2,10,6,6,10,10,10,8,2,10,8,2,6,2,4,4,4,2,5,5,5,8,8,8,1,6,10,10,8,5,5,5,5,1,2,4,8,6,5,1,5,5,6,5,5,2,5.414141414141414
inappropriateness,2,8,3,1,1,8,2,4,8,1,3,3,8,5,8,4,7,9,2,2,8,7,2,9,9,3,8,2,7,1,7,2,4,8,8,2,8,3,2,9,9,8,5,3,3,0,3,2,1,1,2,8,2,4,9,2,1,3,3,2,1,5,4,5,8,7,1,4,2,9,3,3,4,1,5,4,7,5,8,1,2,2,1,3,3,9,5,3,8,7,5,1,1,2,8,9,1,5,5,4.404040404040404
incompatibilities,6,3,8,3,7,2,5,3,1,5,2,7,3,4,4,8,5,3,4,5,5,1,1,7,2,1,8,5,3,5,7,6,3,4,4,4,3,5,6,7,4,5,6,5,5,2,0,1,1,1,2,8,5,2,2,6,2,6,2,2,2,4,8,5,5,1,1,5,8,7,6,5,5,8,3,6,4,5,3,1,4,6,6,7,4,3,6,4,5,8,3,1,1,1,1,5,6,2,1,4.121212121212121
inconsequentially,2,1,13,3,13,13,3,13,1,5,3,4,6,4,2,3,13,13,6,5,5,13,1,3,5,2,6,2,1,1,3,4,8,6,5,5,13,4,1,1,5,3,4,4,4,5,5,0,1,1,8,8,5,3,5,1,3,5,2,5,5,1,3,8,2,13,5,6,5,3,13,6,2,13,8,2,8,13,3,1,3,13,3,1,1,8,1,5,5,4,8,5,3,1,1,3,5,3,3,4.929292929292929
inconsiderateness,7,7,8,3,10,8,3,3,8,1,8,1,7,10,8,8,2,2,3,1,10,7,1,1,3,2,2,2,3,7,10,1,10,7,7,10,7,2,4,4,1,3,4,3,3,1,1,1,0,1,4,2,1,5,5,1,2,1,1,1,5,3,7,3,3,2,1,3,2,2,5,3,7,1,3,7,1,7,8,5,10,3,2,3,3,10,3,10,7,8,10,1,1,3,3,2,7,1,2,4.202020202020202
inconspicuousness,4,6,4,9,4,9,1,6,2,1,1,1,4,9,9,3,4,4,4,2,4,9,4,1,1,4,4,4,7,1,6,2,3,6,7,4,7,2,1,1,6,2,4,1,2,1,1,1,1,0,2,2,2,2,2,1,1,1,6,1,6,6,7,4,4,2,4,1,4,4,6,3,9,9,3,2,7,2,6,6,9,1,2,7,7,9,1,6,2,3,4,2,1,3,3,2,1,3,3,3.717171717171717
indestructibility,7,6,2,1,4,5,6,3,2,2,1,4,5,3,10,5,5,3,5,6,7,7,2,4,1,1,5,5,1,2,10,10,5,1,4,4,4,7,3,4,4,5,10,6,6,1,3,1,7,6,0,1,2,1,1,5,2,6,5,2,2,4,3,4,3,4,5,7,6,10,7,6,4,1,2,6,3,3,10,4,10,4,4,4,3,6,3,10,3,5,10,10,5,1,2,1,2,5,6,4.383838383838384
indistinguishable,3,3,10,2,10,10,7,4,3,3,7,4,2,4,3,7,4,10,4,2,2,3,3,4,4,1,4,4,2,1,4,10,4,2,3,3,3,7,4,4,2,3,3,3,4,10,4,2,1,4,1,0,1,1,1,8,1,8,4,4,4,1,7,8,3,4,10,3,2,2,4,7,1,1,3,7,4,2,8,10,4,4,4,2,2,4,3,8,8,4,8,3,10,10,1,1,8,2,4,4.242424242424242
indistinguishably,5,2,8,3,4,8,8,3,6,4,8,4,2,1,8,8,2,8,3,1,1,3,3,3,3,1,4,4,5,1,1,8,3,2,3,2,3,8,2,3,3,5,4,1,4,8,4,5,3,3,1,1,0,1,1,2,1,2,6,6,4,1,6,5,4,6,8,1,3,2,4,8,2,5,2,6,3,2,8,8,1,3,3,1,1,3,8,5,5,4,5,2,8,3,1,1,5,3,2,3.757575757575758
industrialisation,5,5,1,4,5,1,3,4,3,5,2,5,2,3,5,2,2,1,2,5,3,2,5,5,3,1,2,2,4,5,4,5,5,1,2,1,5,3,5,5,4,3,2,2,3,2,1,3,2,3,2,2,2,0,1,2,3,3,2,2,1,5,1,4,5,2,2,3,2,5,1,5,5,1,1,3,4,2,5,2,5,5,5,2,2,5,5,4,5,1,5,5,3,2,1,1,2,5,1,3.0303030303030303
institutionalised,3,3,5,5,3,5,4,1,5,3,3,5,1,3,4,3,4,4,3,3,5,5,1,2,3,3,3,3,1,4,4,5,4,4,3,2,1,2,3,2,3,4,1,4,5,5,2,4,4,3,4,1,4,1,0,5,3,4,1,1,3,2,4,4,4,4,3,4,4,4,4,4,1,3,2,4,5,5,1,4,5,5,5,1,1,5,3,5,5,4,2,4,4,3,5,4,4,4,3,3.3333333333333335
interdepartmental,6,4,4,6,4,6,3,1,6,5,7,1,6,4,5,7,6,6,5,2,7,5,3,4,4,2,7,1,2,7,4,4,6,4,3,6,1,3,2,1,3,6,5,5,5,2,4,3,1,1,5,6,2,4,4,0,1,1,1,2,1,5,2,1,2,6,1,3,1,4,1,5,6,2,6,4,5,1,4,5,4,1,6,4,5,4,6,7,6,7,5,5,1,4,6,3,1,4,3,3.8181818181818183
interdisciplinary,4,6,7,7,2,6,3,6,4,4,6,4,7,4,9,2,9,1,9,1,2,10,10,7,7,1,6,5,2,4,10,10,5,9,2,4,2,3,4,4,9,5,10,4,1,6,2,6,6,1,1,4,2,5,5,1,0,1,2,1,2,10,9,6,3,3,3,9,6,7,10,1,4,1,3,10,4,2,6,3,9,1,1,1,4,2,10,9,6,10,7,1,3,2,4,2,1,3,4,4.666666666666667
intergovernmental,3,2,6,11,5,11,2,5,6,5,11,6,11,5,5,11,6,6,1,5,5,2,5,5,6,5,5,5,5,11,11,5,6,3,3,5,1,1,5,5,3,5,1,5,6,1,5,5,2,1,1,3,1,5,3,1,1,0,1,2,1,1,5,3,5,11,2,6,1,5,1,5,6,5,11,5,3,3,3,5,5,5,2,5,3,5,6,11,3,5,11,2,3,3,5,3,1,6,1,4.505050505050505
internationalised,4,1,5,4,6,5,8,1,5,6,5,5,6,6,9,5,1,1,2,5,3,5,1,6,6,1,1,2,1,5,9,6,8,4,5,5,9,1,9,6,8,2,1,6,6,2,1,1,1,1,2,4,9,2,1,2,2,1,0,1,1,5,1,1,5,2,2,2,2,5,6,8,9,1,2,2,8,5,1,5,3,5,3,1,1,6,9,5,9,5,5,8,1,9,8,1,1,1,8,4.02020202020202
internationalists,4,3,2,3,4,3,7,3,7,2,3,7,5,3,5,5,2,1,2,4,4,3,2,5,3,5,2,1,3,7,7,7,6,3,3,2,5,1,3,6,7,2,1,6,4,3,2,3,3,3,3,4,7,1,1,3,3,2,1,0,1,3,2,3,3,4,5,2,3,4,3,7,7,1,3,1,7,6,3,5,6,4,5,4,4,6,5,1,3,7,3,7,3,2,7,2,1,3,4,3.6565656565656566
interrelationship,7,6,2,4,3,6,2,4,2,6,4,5,5,5,5,7,6,7,4,4,4,5,5,10,4,4,4,1,2,7,2,10,1,3,4,5,6,2,6,7,4,10,4,4,4,1,2,6,7,4,1,6,2,1,4,1,2,1,1,2,0,5,4,1,7,7,1,7,1,4,4,10,7,1,7,7,10,4,10,4,5,2,10,6,6,5,4,4,6,7,3,10,2,10,7,6,1,10,4,4.666666666666667
lexicographically,3,1,4,1,11,3,11,2,3,8,3,6,5,11,4,4,11,7,2,1,11,6,1,1,2,3,6,3,1,11,4,1,1,8,3,3,2,6,6,8,1,3,6,2,2,7,7,2,8,8,11,2,1,11,5,11,4,8,7,7,4,0,8,3,5,6,6,11,8,6,1,6,2,4,1,7,3,3,2,2,1,1,6,5,11,3,3,1,4,2,1,6,5,3,2,2,2,2,7,4.606060606060606
maladministration,2,7,4,3,3,2,6,3,7,3,4,3,2,1,4,4,2,1,2,2,2,1,6,6,7,1,1,3,3,7,1,2,3,3,7,6,7,4,3,6,6,4,7,1,3,3,2,7,6,2,6,7,7,1,4,3,3,3,1,3,1,6,0,1,2,1,3,3,2,6,7,3,2,2,6,2,2,2,3,4,3,4,3,4,4,6,7,4,2,2,3,7,4,3,7,4,4,4,2,3.6161616161616164
materialistically,1,1,4,2,3,2,5,4,2,2,5,2,6,3,7,5,7,6,2,3,2,3,1,6,4,2,4,7,1,6,2,3,1,1,4,4,5,3,7,5,5,1,3,3,3,5,2,3,5,2,2,4,2,5,4,1,1,2,2,2,3,4,1,0,7,3,6,7,4,3,4,2,1,6,4,3,1,3,4,1,2,2,2,2,4,2,7,1,2,4,4,5,3,3,3,2,1,1,1,3.212121212121212
microdensitometer,2,4,6,6,7,3,6,1,6,10,10,1,7,5,10,10,8,6,8,10,3,6,2,3,3,4,7,8,3,1,1,4,5,2,6,6,10,8,5,8,5,5,3,10,10,7,5,5,1,3,10,2,1,6,5,1,5,8,8,6,6,2,4,5,0,6,3,5,1,1,6,10,5,6,5,5,2,3,3,6,4,3,6,1,1,4,4,6,8,3,7,7,3,5,7,6,3,3,4,5.01010101010101
misidentification,3,6,3,3,5,3,3,2,2,4,3,10,3,8,10,3,1,2,8,3,4,1,1,2,3,1,3,3,1,8,4,1,4,3,6,5,6,8,2,10,4,4,10,4,2,10,1,3,2,6,8,8,3,3,1,10,2,10,3,8,3,1,1,3,8,0,1,1,1,2,4,10,3,3,2,3,5,4,3,3,5,5,5,5,5,5,4,6,4,1,10,3,1,6,10,4,5,3,3,4.181818181818182
misinterpretation,7,7,2,7,4,6,7,3,3,2,6,6,3,2,7,6,1,7,2,4,6,2,1,5,2,2,6,2,3,4,2,1,6,4,6,5,7,2,1,7,4,7,6,2,4,2,3,4,2,4,6,1,4,2,3,1,3,3,2,2,1,2,1,5,2,1,0,2,1,1,1,6,5,1,7,6,7,4,5,6,6,1,5,7,7,5,4,2,6,6,5,5,3,7,6,5,1,6,4,3.898989898989899
mispronunciations,4,4,8,2,5,11,5,1,1,1,5,11,1,11,2,6,1,1,2,2,2,2,1,4,11,11,4,5,8,2,4,2,2,1,5,1,2,1,1,2,5,8,6,5,4,6,6,2,11,11,5,8,8,11,5,1,4,4,5,1,6,2,4,5,4,1,2,0,2,1,5,4,11,11,5,8,4,5,4,8,4,1,4,5,5,4,1,4,8,6,4,11,5,4,2,5,5,4,5,4.545454545454546
misrepresentation,8,4,2,2,8,2,2,2,4,3,1,5,4,4,4,2,3,5,2,3,3,3,2,8,5,3,3,1,5,3,4,2,3,4,8,3,5,2,3,5,4,4,8,3,5,2,3,3,2,8,4,8,4,3,4,1,5,2,3,3,2,2,3,3,1,1,1,2,0,1,1,5,5,1,3,5,4,4,3,1,4,4,3,5,5,8,2,5,3,2,2,5,2,1,3,3,1,3,3,3.393939393939394
misunderstandings,7,7,4,4,8,7,7,8,7,8,7,7,5,8,7,7,3,6,5,1,5,3,2,3,7,4,5,4,5,2,7,1,2,1,7,2,3,1,2,8,2,7,1,7,6,6,8,6,1,6,8,1,4,3,7,4,5,5,3,7,4,1,5,8,1,3,1,1,1,0,3,8,7,4,2,5,2,8,8,7,5,8,5,2,2,5,5,5,7,7,7,6,3,5,8,1,8,8,8,4.828282828282828
neurotransmitters,6,3,4,4,4,7,5,3,6,3,6,3,4,5,3,4,6,6,4,6,4,4,1,3,5,4,6,5,4,4,4,3,4,6,6,6,4,1,1,1,4,4,4,5,5,5,6,5,5,6,6,7,3,4,2,4,7,4,3,2,4,1,3,6,5,6,1,4,1,4,0,3,3,1,6,7,1,1,7,1,4,3,4,5,6,3,4,6,4,5,1,5,5,7,5,3,1,7,4,4.101010101010101
objectionableness,10,7,8,8,10,8,1,8,7,1,4,3,2,8,3,4,10,6,2,2,6,7,2,5,6,7,8,2,6,6,8,1,5,8,10,10,8,2,6,1,5,5,3,6,2,2,6,4,1,2,5,6,6,8,7,1,2,2,7,6,7,1,5,3,8,10,8,6,4,5,2,0,6,6,10,10,8,5,10,8,6,3,2,6,2,8,2,10,3,3,5,1,3,5,3,6,2,6,8,5.232323232323233
opportunistically,1,2,5,8,2,5,3,4,3,2,2,4,3,1,1,3,6,6,3,2,7,8,1,8,3,7,7,3,1,4,3,2,1,8,3,1,3,5,2,2,5,1,8,8,3,8,6,1,4,4,6,1,1,4,2,1,6,3,5,5,4,2,2,1,5,4,7,1,8,2,3,4,0,7,3,7,1,4,5,2,3,2,3,4,2,1,4,3,1,5,2,7,5,3,1,6,2,2,1,3.595959595959596
pedestrianisation,8,8,2,1,1,2,4,3,4,9,2,8,4,2,8,1,2,2,1,7,2,1,2,7,3,2,2,1,3,4,8,4,9,4,7,1,7,3,9,4,8,4,7,2,9,1,2,8,2,7,1,1,1,1,3,3,4,9,1,1,1,1,1,9,3,2,2,4,2,3,1,2,9,0,7,2,9,1,9,2,7,1,7,2,2,7,7,3,4,1,7,8,4,7,2,1,2,7,2,3.919191919191919
photoelectrically,4,2,7,2,2,4,7,4,2,3,4,10,10,8,2,8,4,8,4,1,2,2,3,2,8,10,10,4,4,8,2,1,1,3,3,1,1,8,7,10,2,1,4,3,3,10,8,1,10,4,1,1,1,2,4,8,1,8,8,10,3,2,2,4,8,4,8,10,8,1,3,8,3,8,0,1,1,4,7,4,3,7,10,4,3,2,4,2,2,4,1,8,7,1,1,7,4,4,3,4.4646464646464645
photosynthesising,8,2,4,8,1,4,9,7,8,9,5,5,8,8,8,4,8,2,5,8,4,4,4,9,5,1,4,1,4,1,8,9,9,3,4,4,4,9,4,7,8,4,7,5,8,9,8,8,5,3,4,8,8,8,5,4,8,7,9,9,3,7,4,4,8,8,8,5,3,9,8,9,5,1,1,0,1,1,3,4,9,9,5,7,9,9,7,9,4,8,3,4,2,8,8,2,9,9,1,5.737373737373737
probabilistically,2,3,9,5,2,1,4,2,1,4,7,8,6,9,2,6,5,9,7,3,4,8,1,2,5,2,6,7,1,5,1,2,1,7,5,2,6,5,5,4,1,1,2,8,8,6,2,3,5,8,9,1,1,7,5,4,2,8,9,9,9,2,3,1,4,5,6,7,2,8,1,5,2,9,1,5,0,2,7,1,3,3,8,4,5,3,2,2,5,2,2,2,4,5,3,9,1,1,3,4.242424242424242
psycholinguistics,5,7,11,5,9,5,5,4,2,4,5,4,5,5,2,4,5,9,9,9,11,2,5,1,7,4,11,4,9,4,6,4,9,5,2,11,5,11,1,1,2,5,5,5,5,5,5,6,9,5,5,2,1,5,6,1,6,1,4,9,6,7,11,5,1,11,11,5,11,9,1,11,5,1,5,2,7,0,4,7,4,5,4,1,4,7,4,7,5,5,1,5,5,6,2,11,4,5,4,5.333333333333333
radioastronomical,4,10,4,2,6,2,4,5,9,6,8,4,8,9,2,8,4,2,5,1,1,9,4,7,9,2,4,4,8,4,9,3,1,2,5,4,2,4,4,10,1,5,1,5,3,10,10,7,9,6,7,4,4,4,1,4,8,4,1,2,10,5,1,4,1,4,10,4,10,7,7,4,8,10,5,3,9,4,0,5,4,6,6,4,4,7,4,10,4,9,8,9,5,5,8,10,6,7,4,5.313131313131313
recrystallisation,6,9,1,1,2,3,5,5,4,4,2,4,2,2,7,2,1,8,1,2,3,1,8,6,3,1,1,1,1,5,8,4,5,8,7,7,8,9,4,5,8,6,2,1,4,9,2,1,4,1,4,3,3,3,8,7,9,7,9,6,5,4,3,6,4,1,3,5,1,4,2,7,6,3,8,1,9,2,5,0,9,4,2,2,4,9,4,1,4,1,5,5,2,4,1,1,7,9,2,4.222222222222222
schizophrenically,1,1,7,2,14,6,7,6,1,7,6,10,10,14,1,7,14,7,6,5,4,5,5,6,14,6,10,6,3,7,4,1,5,10,7,5,6,2,1,5,6,2,14,7,7,14,6,3,7,14,14,3,1,10,7,5,2,3,14,14,6,1,10,1,10,7,14,14,2,5,3,10,2,7,2,6,3,2,1,1,0,4,3,3,4,2,3,1,2,14,5,10,10,1,1,14,1,5,7,6.0
selfconsciousness,13,12,7,3,6,3,2,13,13,3,1,1,3,3,6,6,13,3,3,2,2,2,2,2,1,12,12,2,5,2,13,1,7,3,13,7,13,4,7,1,1,5,12,1,3,1,5,6,3,1,5,13,7,13,3,7,1,5,13,12,13,1,7,2,12,12,7,4,13,12,4,2,13,12,12,3,2,3,7,12,3,0,1,7,7,4,2,1,12,2,7,1,3,2,6,7,1,7,6,5.818181818181818
selfrighteousness,11,6,11,12,7,11,2,7,7,2,11,1,1,1,7,11,1,2,2,3,7,12,5,6,2,7,3,4,6,6,7,3,5,12,11,12,3,4,6,6,11,4,4,12,7,2,5,12,3,1,11,3,7,7,7,6,3,4,12,6,7,3,5,2,7,4,11,6,7,7,1,2,7,12,11,7,1,1,4,12,1,1,0,7,5,7,12,6,6,6,11,2,2,4,12,7,3,7,12,6.040404040404041
spectrophotometer,1,15,15,2,3,11,7,4,5,5,11,7,11,7,3,15,15,7,11,15,4,1,11,5,5,7,2,11,11,2,3,7,5,3,2,1,2,11,2,4,5,2,3,15,15,3,11,3,15,3,7,3,1,4,2,4,7,2,3,7,1,3,4,7,1,7,3,15,3,4,5,15,2,15,5,15,4,4,3,15,7,4,11,0,1,1,3,1,2,15,7,5,5,11,15,4,4,2,7,6.262626262626263
spectrophotometry,1,5,10,5,4,7,8,4,2,5,7,8,7,6,1,10,10,8,7,8,2,2,4,4,5,8,4,7,4,4,1,7,4,2,1,1,1,7,10,1,5,4,4,10,10,5,10,6,8,1,7,2,1,2,7,5,6,6,6,6,4,6,7,6,2,8,1,10,1,2,2,8,2,10,2,5,1,6,5,5,6,7,6,1,0,1,1,2,5,10,6,5,5,4,5,7,7,5,7,5.01010101010101
spectroscopically,1,1,9,3,3,4,13,5,5,9,4,13,6,2,1,13,6,13,4,8,2,8,2,1,5,13,3,4,4,3,2,1,2,9,4,1,1,13,8,1,5,3,9,13,9,2,13,2,13,6,3,3,1,9,8,4,2,2,8,6,6,3,4,4,9,4,9,3,13,4,8,3,2,13,2,13,3,2,6,1,2,2,8,1,1,0,1,1,1,13,1,5,9,3,2,8,1,4,2,5.1313131313131315
straightforwardly,8,8,10,3,3,7,1,3,6,4,7,1,3,6,3,7,7,3,8,4,3,5,1,1,5,10,10,8,10,8,1,4,8,8,2,6,7,7,3,1,2,8,4,3,3,7,3,3,5,1,7,7,10,3,3,3,8,8,8,10,3,10,8,10,7,6,7,4,7,5,3,4,10,8,3,7,10,7,8,1,3,4,8,3,3,1,0,1,6,1,8,5,4,6,3,3,2,3,2,5.151515151515151
stratospherically,5,4,6,1,1,8,3,3,6,10,4,4,6,3,5,8,3,10,1,3,2,6,4,1,6,8,3,4,2,3,1,4,2,10,5,1,6,5,1,5,3,2,2,2,2,6,8,1,10,4,6,1,1,8,10,5,6,10,8,4,3,3,6,5,10,3,8,6,6,4,5,10,5,4,1,8,5,5,5,1,1,2,3,1,2,4,3,0,5,3,3,10,10,1,5,5,2,4,1,4.444444444444445
superconductivity,6,3,1,9,4,11,3,3,1,6,1,11,6,6,11,11,4,3,9,2,1,9,5,4,1,12,4,1,3,1,12,4,12,6,5,6,5,12,1,4,4,9,3,11,9,3,12,6,11,9,1,6,2,11,2,6,3,2,12,4,12,6,3,4,9,11,12,11,12,4,4,1,1,4,11,6,6,9,4,9,4,5,6,6,4,6,6,12,0,12,6,5,1,12,4,1,6,11,1,5.97979797979798
telecommunication,8,5,2,8,4,2,1,4,5,3,1,3,1,4,3,2,3,6,4,7,6,1,1,1,2,3,3,1,6,7,6,6,2,5,6,8,3,2,2,6,6,5,5,1,1,5,1,3,8,8,2,7,3,1,6,5,7,3,3,5,6,1,1,7,3,3,3,6,3,5,6,6,6,1,6,7,2,2,8,2,7,1,2,6,6,5,1,3,5,0,5,3,3,8,6,5,5,8,5,4.101010101010101
thermodynamically,2,3,15,4,3,1,15,1,2,5,15,3,7,5,3,15,5,15,4,3,5,7,2,3,5,2,15,4,2,6,3,3,1,15,2,1,1,6,1,3,15,3,6,5,5,7,6,1,15,1,6,5,3,15,7,4,2,15,4,15,15,3,3,1,2,15,7,5,5,7,2,5,2,15,3,5,2,3,3,2,3,1,7,5,5,1,4,2,6,4,0,1,5,1,1,4,2,3,1,5.191919191919192
uncomfortableness,5,16,16,10,8,6,1,6,6,1,6,3,4,16,1,6,8,10,4,1,8,1,2,5,3,1,10,2,5,10,5,1,5,16,16,10,16,4,2,5,5,2,8,5,8,1,2,2,1,1,10,16,10,16,16,3,3,1,16,3,16,2,8,5,16,5,16,2,6,3,4,1,16,5,8,3,5,3,5,16,5,2,3,10,10,16,1,8,3,1,5,0,1,2,2,3,2,3,10,6.282828282828283
uncompetitiveness,4,4,5,3,4,5,1,6,4,1,4,1,5,4,6,4,5,5,5,2,6,6,1,2,1,5,5,4,3,4,4,2,2,5,2,3,4,1,4,4,2,4,4,6,2,1,1,2,2,1,1,5,4,5,3,5,5,3,2,5,2,1,5,4,4,3,5,4,1,2,4,2,5,5,4,6,4,3,4,5,3,5,5,4,4,3,1,4,2,5,4,1,0,1,5,5,5,1,4,3.474747474747475
uncomprehendingly,4,1,2,2,9,10,9,1,2,1,9,9,10,5,2,10,10,10,10,1,5,5,4,4,4,5,10,9,6,8,4,2,8,2,9,4,9,5,1,9,10,1,9,4,4,8,1,1,4,5,5,4,4,8,8,6,4,2,6,8,5,6,10,2,9,10,4,9,1,9,9,5,4,9,1,9,2,9,5,5,4,9,6,5,4,8,8,5,6,9,2,1,1,0,1,5,5,1,1,5.414141414141414
uncontroversially,3,1,8,8,2,8,5,8,4,5,3,8,5,3,1,3,8,8,1,2,8,1,6,8,1,5,6,8,3,2,5,1,3,5,8,2,8,8,1,2,6,3,3,3,2,6,3,1,6,3,2,1,1,6,4,4,1,8,6,6,8,3,5,6,6,5,4,5,4,4,5,5,1,3,3,3,6,5,5,1,3,8,4,2,4,2,3,1,5,5,3,2,6,1,0,3,3,1,3,4.101010101010101
understandability,2,4,4,10,6,10,3,3,1,1,4,6,4,1,10,4,7,3,4,1,7,2,3,6,6,6,6,3,4,1,6,1,7,1,6,3,6,6,3,3,7,3,6,7,3,7,4,2,4,1,1,4,4,2,6,6,1,3,2,3,6,7,6,6,3,10,10,3,10,6,7,3,2,4,7,3,10,1,10,3,2,1,7,1,1,7,10,10,1,7,7,7,3,1,2,0,1,6,1,4.4646464646464645
unselfconsciously,2,2,3,6,3,4,8,5,9,4,2,1,8,2,1,8,6,4,8,1,3,8,2,6,2,6,6,4,2,4,2,3,2,4,3,9,6,3,1,1,3,4,9,2,3,5,5,3,4,1,9,3,9,4,4,1,9,3,2,9,3,9,4,1,2,4,4,4,5,4,9,3,1,5,4,8,1,2,2,8,3,1,8,1,4,3,3,4,3,2,2,3,4,1,1,2,0,2,4,3.9393939393939394
unsympathetically,1,2,7,7,9,7,6,2,1,5,2,4,7,4,1,3,4,5,7,4,8,5,3,3,3,7,6,6,2,8,1,1,1,9,8,2,3,2,3,6,9,3,5,4,4,8,1,3,4,4,3,8,1,9,8,3,3,8,8,8,4,2,9,2,8,2,9,9,8,8,9,5,2,6,3,6,1,4,9,1,3,4,8,3,8,2,8,1,4,7,1,8,1,2,3,1,1,0,1,4.565656565656566
videoconferencing,8,10,6,8,1,10,7,3,8,7,10,5,8,8,8,8,5,2,4,7,5,4,1,3,5,6,3,1,8,3,4,6,6,4,4,8,6,7,3,3,6,3,10,3,3,8,2,10,1,7,4,6,2,6,3,8,8,2,4,8,8,3,6,3,1,6,8,6,3,10,8,10,8,3,8,1,1,8,8,8,8,7,10,8,2,8,2,1,1,1,3,10,7,5,6,4,10,1,0,5.434343434343434
