mot_test|mot_secret,chlorofluorocarbons,counterintelligence,dendrochronological,electromagnetically,incomprehensibility,interdenominational,oversimplifications,professionalisation,straightforwardness,
chlorofluorocarbons,0,2,1,1,2,1,1,1,1,1.1111111111111112
counterintelligence,1,0,1,1,1,1,1,1,1,0.8888888888888888
dendrochronological,1,1,0,1,2,1,2,1,1,1.1111111111111112
electromagnetically,1,1,1,0,1,1,1,1,1,0.8888888888888888
incomprehensibility,1,1,1,1,0,1,1,1,1,0.8888888888888888
interdenominational,1,1,1,2,1,0,2,1,1,1.1111111111111112
oversimplifications,1,1,1,2,1,1,0,1,2,1.1111111111111112
professionalisation,2,1,1,2,1,1,1,0,1,1.1111111111111112
straightforwardness,1,2,3,1,2,3,3,1,0,1.7777777777777777
